{
    "paneData":[{
        "code":"this is the sample string designed to stay in pane to mimic behavior of code lines",
        "flowId":1,
        "imageId":1
    },
    {
        "code":"this is the sample string designed to stay in pane to mimic behavior of code lines",
        "flowId":1,
        "imageId":1
    },
    {
        "code":"this is the sample string designed to stay in pane to mimic behavior of code lines",
        "flowId":2,
        "imageId":2
    },
    {
        "code":"this is the sample string designed to stay in pane to mimic behavior of code lines",
        "flowId":2,
        "imageId":3
    }]
}